{"Height":830.40000000000009,"Left":126.4,"Top":26.400000000000002,"Width":900.0,"State":0}